{"CONTRACT_USDT_MAIN":"0x55d398326f99059ff775485246999027b3197955","CONTRACT_USDT_TEST":"0xed24fc36d5ee211ea25a80239fb8c4cfd80f12ee","projectId":"be384e59b264417aafa05e2ea12da111","tokenBlockcypher":"f26c3f3bdf0e45199ddccd306126f7ba","feeRutPaypalNoiBo":"10","feeRutPaypalAcc":2,"feeRutBTCNoiBo":0,"feeRutBTCAcc":0.0003,"feeRutUSDTNoiBo":"0","feeRutUSDTBEP20":"1","feeRutUSDTERC20":2,"quotePriceUSDT":1,"quotePricePAYPAL":"24500","typeCurrUseSys":"usdt","minDepositBTC":0.001,"minDepositUSDT":5,"minDepositPaypal":"5","minWithdrawalBTC":5,"minWithdrawalUSDT":5,"minWithdrawalPaypal":1,"isActiveWalletPaypal":false,"isActiveWalletUSDT":true,"isActiveWalletBTC":false,"timeLoop":60,"teleChatToken":"1921263961:AAGq9gWArp1lCGfISCywmv4phGLDm_aOQ_Y","activeBetSendTelegram":false,"activeDepositSendTelegram":false,"activeWithdraSendTelegram":false,"maintenance":false,"maintenanceContent":"Binance sẽ thực hiện nâng cấp hệ thống theo lịch trình. Quý khách trade coin vui lòng để ý để chủ động trong gd hoặc rút tiền.","IS_TEST_SMART_CHAIN":false,"quotePriceVND":"23000","TELEGRAM_TOKEN":"6329377558:AAEM51fT5cptNuzSeeLXVmkeJisS-AU_-4w","TELEGRAM_BET_ID":"-1002400381982","TELEGRAM_RUT_ID":"-1002400381982","TELEGRAM_NAP_ID":"-1002400381982","TELEGRAM_BET_AMOUNT":"-1002400381982","TELEGRAM_BET_THONG_BAO":"-1002400381982","TELEGRAM_BET_PHIM_LENH":"-1002400381982","quotePriceBNB":579.02,"quotePriceBTC":66027.17,"quotePriceETH":2538.86,"feeRutETHERC20":2,"ADDRESS_ETH_USDT":"0x626b3859c958285b3e9408a5448301b97f696d7c","ADDRESS_ETH_TRANSACTION":"0xd77505e89fe8E448bF52D791A1f2312fE615d851","PRIVATE_KEY_ETH_TRANSACTION":"0x626b3859c958285b3e9408a5448301b97f696d7c","isActiveWalletVND":true,"PRIVATE_KEY_ADDRESS_ETH_USDT":"0x626b3859c958285b3e9408a5448301b97f696d7c"}